{
  "android_play_store_link": "",
  "sticker_packs": [
    {
      "identifier": "2",
      "name": "Loves 😘",
      "publisher": "MohaRa",
      "tray_image_file": "1.webp",
      "publisher_email":"",
      "publisher_website": "",
      "privacy_policy_website": "",
      "license_agreement_website": "",
      "image_data_version": "1",
      "stickers": [
        {
          "image_file": "1.webp",
          "emojis": ["😆","😂"]
        },
        {
          "image_file": "2.webp",
          "emojis": ["😭","💧"]
        },
        {
          "image_file": "3.webp",
          "emojis": ["💔","👎"]
        },
        {
          "image_file": "4.webp",
          "emojis": ["😍","💑"]
        },
        {
          "image_file": "5.webp",
          "emojis": ["😍","💑"]
        },
        {
          "image_file": "6.webp",
          "emojis": ["😍","💑"]
        },
        {
          "image_file": "7.webp",
          "emojis": ["😍","💑"]
        },
        {
          "image_file": "8.webp",
          "emojis": ["😍","💑"]
        },
        {
          "image_file": "9.webp",
          "emojis": ["😍","💑"]
        },
        {
          "image_file": "10.webp",
          "emojis": ["😍","💑"]
        },
        {
          "image_file": "11.webp",
          "emojis": ["😍","💑"]
        },
        {
          "image_file": "12.webp",
          "emojis": ["😍","💑"]
        },
        {
          "image_file": "13.webp",
          "emojis": ["😍","💑"]
        },
        {
          "image_file": "14.webp",
          "emojis": ["😍","💑"]
        },
        {
          "image_file": "15.webp",
          "emojis": ["😍","💑"]
        },
        {
          "image_file": "16.webp",
          "emojis": ["😍","💑"]
        },
        {
          "image_file": "17.webp",
          "emojis": ["😍","💑"]
        },
        {
          "image_file": "18.webp",
          "emojis": ["😍","💑"]
        },
        {
          "image_file": "19.webp",
          "emojis": ["😍","💑"]
        },
        {
          "image_file": "20.webp",
          "emojis": ["😍","💑"]
        },
        {
          "image_file": "21.webp",
          "emojis": ["😍","💑"]
        },
        {
          "image_file": "22.webp",
          "emojis": ["😍","💑"]
        },
        {
          "image_file": "23.webp",
          "emojis": ["😍","💑"]
        },
        {
          "image_file": "24.webp",
          "emojis": ["😍","💑"]
        },
        {
          "image_file": "25.webp",
          "emojis": ["😍","💑"]
        },
        {
          "image_file": "26.webp",
          "emojis": ["😍","💑"]
        },
        {
          "image_file": "27.webp",
          "emojis": ["😍","💑"]
        },
        {
          "image_file": "28.webp",
          "emojis": ["😍","💑"]
        },
        {
          "image_file": "29.webp",
          "emojis": ["😍","💑"]
        },
        {
          "image_file": "30.webp",
          "emojis": ["😍","💑"]
        }
      ]
    },
    {
      "identifier": "1",
      "name": "Moha 😚",
      "publisher": "MohaRa",
      "tray_image_file": "1.webp",
      "publisher_email":"",
      "publisher_website": "",
      "privacy_policy_website": "",
      "license_agreement_website": "",
      "image_data_version": "1",
      "stickers": [
        {
          "image_file": "1.webp",
          "emojis": ["😆","😂"]
        },
        {
          "image_file": "2.webp",
          "emojis": ["😭","💧"]
        },
        {
          "image_file": "3.webp",
          "emojis": ["💔","👎"]
        },
        {
          "image_file": "4.webp",
          "emojis": ["😍","💑"]
        },
        {
          "image_file": "5.webp",
          "emojis": ["😘","🍪"]
        },
        {
          "image_file": "6.webp",
          "emojis": ["😩","😨"]
        },
        {
          "image_file": "7.webp",
          "emojis": ["😩","😨"]
        },
        {
          "image_file": "8.webp",
          "emojis": ["😩","😨"]
        },
        {
          "image_file": "9.webp",
          "emojis": ["😩","😨"]
        },
        {
          "image_file": "10.webp",
          "emojis": ["😩","😨"]
        },
        {
          "image_file": "11.webp",
          "emojis": ["😆","😂"]
        },
        {
          "image_file": "12.webp",
          "emojis": ["😭","💧"]
        },
        {
          "image_file": "13.webp",
          "emojis": ["💔","👎"]
        },
        {
          "image_file": "14.webp",
          "emojis": ["😍","💑"]
        },
        {
          "image_file": "15.webp",
          "emojis": ["😘","🍪"]
        },
        {
          "image_file": "16.webp",
          "emojis": ["😩","😨"]
        },
        {
          "image_file": "17.webp",
          "emojis": ["😩","😨"]
        },
        {
          "image_file": "18.webp",
          "emojis": ["😩","😨"]
        },
        {
          "image_file": "19.webp",
          "emojis": ["😩","😨"]
        },
        {
          "image_file": "20.webp",
          "emojis": ["😩","😨"]
        },
        {
          "image_file": "21.webp",
          "emojis": ["😩","😨"]
        },
        {
          "image_file": "22.webp",
          "emojis": ["😩","😨"]
        },
        {
          "image_file": "23.webp",
          "emojis": ["😩","😨"]
        },
        {
          "image_file": "24.webp",
          "emojis": ["😩","😨"]
        },
        {
          "image_file": "25.webp",
          "emojis": ["😩","😨"]
        },
        {
          "image_file": "26.webp",
          "emojis": ["😩","😨"]
        },
        {
          "image_file": "27.webp",
          "emojis": ["😩","😨"]
        },
        {
          "image_file": "28.webp",
          "emojis": ["😩","😨"]
        },
        {
          "image_file": "29.webp",
          "emojis": ["😩","😨"]
        },
        {
          "image_file": "30.webp",
          "emojis": ["😩","😨"]
        }
      ]
    }
  ]
}
